{"Gab": -30.593710696029877, "Duck Hunt": 12.605806244685873, "Gavin": -52.0300476604123, "TP": -8.968199611195937, "Kordad": -64.59445922272307, "Mister Fister": -30.593710696029877, "B Lat": -50.423648125951075, "Frog": -84.41842660607931, "Benis": -7.068603593251718, "Pill Dickle": -60.49466517643091, "Jan": -23.281604426890773, "Kyle Cook": -59.17061222305528, "Bread": -89.88084650297627, "Frost": -24.1348183057616, "Mike Rodick": -30.593710696029877, "Mr. Bolen": 19.66398246160955, "Carson": 204.5111931629073, "Ignus": 30.574168104448866, "DrunkinSnail": 30.498108750189544, "Putnam": 38.540109133106654, "Kif": 171.31445080906684, "Fluffles": 24.411398320236444, "Big Zam": 61.67691653560887, "Shavo": -3.661454171968237, "Ademskey": -0.29586973556556906, "Washer": -30.87950608087506, "Pizza": 166.91787390895328, "Sandar": -26.71721358435002, "FxF": -48.92710560910115, "Send Nukes": 69.65211011213488, "Tyler": -30.628268005736643, "Ethan": -34.69973480027371, "Nud": 48.040480517381944, "UncleSatan": 159.3783600339302, "Dank Tators": -30.812199549511384, "Doctor O": -26.678307878803047, "C-Mass": 4.279457889698039, "Darnell": -17.816901247039535, "Bleach": 81.39840494746306, "Hutch": -72.58850283307783, "NWT": -56.37675354245628, "Zach": -22.251611020282517, "Pi": 94.92112090075598, "Antoine": 37.62562354881989, "Lance": -16.945268336504085, "Panthera Pinky": -29.7559224861871, "M Boss": -15.088476204226144, "DifficultAI": 32.904795765689045, "Mother Hecker": -31.26369320647801, "Happylion": 34.34550211909222, "Hiro": -13.850219640419292, "DC": -15.508429713109155, "Solar": 13.7180252276364, "Shimesa": -35.02653968114371, "Rose": 41.72445475999665, "Dandy": 13.28645967698406, "Chrizmo": 46.85406364659252, "Neon": -14.317792890214111, "Joe_Sneaks": -8.624374072466695, "Mr. Tickles": 19.886625187710717, "Knight": -21.79539924727166, "Cate": -22.048812350898302, "Disconnect": -6.975929757586245, "Vulcan Nerd": -23.466342110550073, "mcats": -6.482177013265936, "Brio": 7.544337779123108, "ThiccLuigi": -7.0398658391681685, "Zeno": -19.85387289862977, "SpeeDy": -17.352469351997563, "Kov": -23.840144842781037, "Debbi": 19.10624134781118, "Kumo": 20.66127049250409, "Sasori": 23.814686628872614, "Gravitar": -30.232696250795012, "Wey-Wah": 0.6875970994398362, "...": -30.662532899777148, "Ryphez": -7.409075523064653, "Minty": 3.119867977012177, "Astro Joey": 15.060014602166692, "Bird": -7.237750383924551, "Big Mike the Dirty": -31.24738050358532, "Shiny Shoes": 13.545797793289129, "All Might": -6.368850961533212, "Rage": 19.631548625684523, "Fifty": -14.82694909553179, "Fla": -19.25958961343134, "HypobaricWolf": -5.413403275308834, "HotSpotHotShot": -28.62710058667465, "Sharmin8r": -5.794529967371206, "Sharkman": 25.30008894606399, "Neeson": -2.6984106954213285, "D": -30.332093078310727, "Sparks": 9.99241492057412, "Megasoar": -34.665802785576, "Thicc Cheeks": -4.7175970888453795}