{"Gab": -30.593710696029877, "Duck Hunt": 12.605806244685873, "Gavin": -52.0300476604123, "TP": -8.968199611195937, "Kordad": -64.59445922272307, "Mister Fister": -30.593710696029877, "B Lat": -50.423648125951075, "Frog": -79.99344103297919, "Benis": -7.068603593251718, "Pill Dickle": -60.49466517643091, "Jan": -23.281604426890773, "Kyle Cook": -59.17061222305528, "Bread": -89.88084650297627, "Frost": -24.1348183057616, "Mike Rodick": -30.593710696029877, "Mr. Bolen": 19.66398246160955, "Carson": 204.5111931629073, "Ignus": 30.574168104448866, "DrunkinSnail": 22.547023262330256, "Putnam": 38.540109133106654, "Kif": 133.76968759013772, "Fluffles": 24.411398320236444, "Big Zam": 29.460178424894774, "Shavo": -3.661454171968237, "Ademskey": -0.29586973556556906, "Washer": -30.87950608087506, "Pizza": 135.14065690395634, "Sandar": -26.71721358435002, "FxF": -48.92710560910115, "Send Nukes": 33.93800036460182, "Tyler": -30.628268005736643, "Ethan": -34.69973480027371, "Nud": -6.530940146404172, "UncleSatan": 112.24985957250337, "Dank Tators": -30.812199549511384, "Doctor O": -26.678307878803047, "C-Mass": 4.279457889698039, "Darnell": -17.816901247039535, "Bleach": 39.14818023460607, "Hutch": -72.58850283307783, "NWT": -56.37675354245628, "Zach": -22.251611020282517, "Pi": 94.92112090075598, "Antoine": 37.62562354881989, "Lance": 5.918446840264098, "Panthera Pinky": -29.7559224861871, "M Boss": -15.088476204226144, "DifficultAI": 53.100468902167776, "Mother Hecker": -31.26369320647801, "Happylion": 45.209874967901015, "Hiro": -13.850219640419292, "DC": -15.508429713109155, "Solar": 8.081014487497724, "Shimesa": -21.981910598472453, "Rose": 41.72445475999665, "Dandy": 13.28645967698406, "Chrizmo": 40.253473255958866, "Neon": -14.317792890214111, "Joe_Sneaks": -8.624374072466695}